{
  ".gitignore": 1774404780.2464972,
  ".python-version": 1774142196.277265,
  "main.py": 1774407238.361679,
  "pyproject.toml": 1774404780.2838614,
  "README.md": 1774312951.7820473,
  "arc\\cli.py": 1774407254.3177652,
  "arc\\agents\\executor.py": 1774404780.2503824,
  "arc\\agents\\planner.py": 1774404780.2544055,
  "arc\\tools\\ast_tools.py": 1774209279.2622037,
  "arc\\tools\\codebase.py": 1774404780.2730403,
  "arc\\tools\\gitignore.py": 1774209279.3086243,
  "arc\\tools\\indexer.py": 1774370826.5149665,
  "arc\\tools\\ranker.py": 1774209279.3222356,
  "arc\\config.py": 1774404780.263636,
  "AGENTS.md": 1774404802.183458,
  "arc.json": 1774313530.2647264,
  ".pytest_cache\\.gitignore": 1774218514.2756743,
  ".pytest_cache\\README.md": 1774218514.2255726,
  ".pytest_cache\\v\\cache\\lastfailed": 1774406562.7272658,
  ".pytest_cache\\v\\cache\\nodeids": 1774407290.638451,
  "arc\\tools\\mcp_client.py": 1774370826.5179164,
  "tests\\conftest.py": 1774316016.6870337,
  "tests\\test_ast_tools.py": 1774219192.3477533,
  "tests\\test_config.py": 1774219192.35228,
  "tests\\test_gitignore.py": 1774219192.3553,
  "tests\\test_ranker.py": 1774316016.7235086,
  "tests\\__init__.py": 1774219192.340376,
  "htmlcov\\.gitignore": 1774316081.4682498,
  "htmlcov\\class_index.html": 1774405541.8056417,
  "htmlcov\\coverage_html_cb_188fc9a4.js": 1774405541.693896,
  "htmlcov\\function_index.html": 1774405541.8002305,
  "htmlcov\\index.html": 1774405541.7250633,
  "htmlcov\\status.json": 1774405541.7306771,
  "htmlcov\\style_cb_5c747636.css": 1774405541.691871,
  "htmlcov\\z_07ecb65c2a564922_ast_tools_py.html": 1774372056.6769822,
  "htmlcov\\z_07ecb65c2a564922_codebase_py.html": 1774401030.2193716,
  "htmlcov\\z_07ecb65c2a564922_gitignore_py.html": 1774372056.803398,
  "htmlcov\\z_07ecb65c2a564922_indexer_py.html": 1774372056.8394866,
  "htmlcov\\z_07ecb65c2a564922_mcp_client_py.html": 1774372056.859088,
  "htmlcov\\z_07ecb65c2a564922_ranker_py.html": 1774372056.889348,
  "htmlcov\\z_07ecb65c2a564922___init___py.html": 1774372056.636329,
  "htmlcov\\z_0a051053ccdb77b6_config_py.html": 1774401029.9538512,
  "htmlcov\\z_0a051053ccdb77b6___init___py.html": 1774372056.3987906,
  "htmlcov\\z_e9117bfb3a09a045_executor_py.html": 1774401029.5845547,
  "htmlcov\\z_e9117bfb3a09a045_planner_py.html": 1774401029.6030903,
  "htmlcov\\z_e9117bfb3a09a045___init___py.html": 1774372056.403595,
  "tests\\test_cli.py": 1774406582.1019974,
  "tests\\test_codebase.py": 1774404780.2931008,
  "tests\\test_executor.py": 1774404780.2991223,
  "tests\\test_indexer.py": 1774316016.71384,
  "tests\\test_planner.py": 1774404780.3032134,
  "tests\\test_cli_completers.py": 1774316587.7173338,
  ".github\\workflows\\test.yml": 1774404780.2419722,
  "arc\\providers.py": 1774404780.2677255,
  "docs\\providers.md": 1774404780.2770586,
  "tests\\test_providers.py": 1774404780.3048143,
  "htmlcov\\z_0a051053ccdb77b6_providers_py.html": 1774401030.0121565
}